[
 {
  "ID": "21342",
  "isOutlet": true,
  "post_title": "Crepe In Touch, Pondicherry",
  "location": "Pondicherry",
  "best_for": "Blueberry Crepe, Far au Breton",
  "tags": "Crepes",
  "cuisine": "Beverages,Desserts,Special Cuisine - International,Tea / Coffee",
  "link": "crepe-in-touch-pondicherry",
  "lat": "11.933906721057",
  "long": "79.829482422125",
  "special_info": "",
  "phone_number": "9787810756",
  "closed_on": "",
  "open_on": "9 AM - 6 PM",
  "seating": "Available",
  "landmarks": "",
  "image_url": "//d3501repw3v4i0.cloudfront.net/wp-content/uploads/2017/07/Blueberry-crepe-crepe-in-touch-Pondicherry.dora_.jpg",
  "author": "Sanyukta Soni",
  "also_serves": "",
  "address": "29, Needarajapayar Street, MG Road Area, Puducherry 605001",
  "seo_title": "Crepe In Touch, Pondicherry",
  "seo_desc": "Crepe In Touch in Pondicherry, is a French-cuisine eatery. It is known for serving various different varieties of crepes and desserts. Blueberry crepe recommended",
  "seo_keywords": "crepe in touch, crepe in touch pondicherry, crepe in touch puducherry, things to eat in pondicherrry, french cuisine in pondicherry, best food in pondicherry, cafes in puducherry, cafes in pondicherry, best cafes in pondicherry, things to eat in pondicherry, where to eat in pondicherry, bakeries in pondicherry, best places to eat in pondicherry, best food pondicherry, best places pondicherry"
 },
 {
  "ID": "11123",
  "isOutlet": true,
  "post_title": "Roti Curry",
  "location": "Vijayanagar",
  "best_for": "Tundoori Roti, Naan, Rumali Roti, Kulcha, Roti Curri Combo",
  "tags": "Kulcha,Roti Curry,Vijayanagar Food Street,Vijayanagar Thindi Beedhi",
  "cuisine": "North-Indian",
  "link": "roti-curry-vijaya-nagar",
  "lat": "12.973571226251",
  "long": "77.538062565641",
  "special_info": "\u003cul\u003e\r\n\t\u003cli\u003eThey have a Tandoori oven a corner of the outlet, where they freshly make the naan, Tandoori roti, Kulcha, etc.\u003c/li\u003e\r\n\t\u003cli\u003ePart of Vijayanagar street food trail.\u003c/li\u003e\r\n\u003c/ul\u003e",
  "phone_number": "",
  "closed_on": "",
  "open_on": "4:00 PM to 10:00 PM",
  "seating": "Available",
  "landmarks": "The Vijayanagar food street is located behind the Vijayanagar water tank. While heading from Vijayanagar bus stop to the Vijayanagar water tank (both are about 500m apart), Roti Curry is located to the left of the road on the food street, near the Ganapathi Temple. ",
  "image_url": "//d3501repw3v4i0.cloudfront.net/wp-content/uploads/2015/06/Roti-Curry-Facade1-Vijayanagar-Bangalore.jpg",
  "author": "Bramhi Panamalai",
  "also_serves": "",
  "address": "18th Cross Road, Govindaraja Nagar Ward, CHBS Layout, Stage 2, Vijayanagar, Bengaluru, Karnataka 560040, India",
  "seo_title": "Roti Curry, Vijayanagar, Bangalore",
  "seo_desc": "Roti Curry is a simple roti place situated on the Vijayanagar food street famous for its rotis, naans, kulchas and more.",
  "seo_keywords": "Best roti in Vijayanagar, Best Kulcha in Vijayanagar, Best street side roti in Vijayanagar, Vijayanagar thindi beedhi, Vijayanagar street food, Roti, Rumali Roti, Kulcha, Tandoori Roti, Roti Curry Combo, Naan, Vijayanagar, Bangalore"
 },
 {
  "ID": "14521",
  "isOutlet": false,
  "post_title": "Jaipur Food Diaries: A quick guide to the delicious food in Pink City",
  "location": "Jaipur",
  "best_for": "",
  "tags": "Dal Bati Churma,Jalebi,Lassi,Malai Ghewar,Pyaz Kachori,Rajasthani Chaat,Rajasthani Food,Rajbhog",
  "cuisine": "Rajasthani",
  "link": "jaipur-food-diaries-a-quick-guide-to-the-delicious-food-in-pink-city",
  "lat": "26.9124336",
  "long": "75.78727090000007",
  "special_info": "",
  "phone_number": "",
  "closed_on": "",
  "open_on": "",
  "seating": "Unavailable",
  "landmarks": "",
  "image_url": "//d3501repw3v4i0.cloudfront.net/wp-content/uploads/2015/07/Gauri-Gajanand-Ghewar-AECS-Layout-Bangalore.jpg",
  "author": "Maheima Kapur",
  "also_serves": "",
  "address": "Jaipur",
  "seo_title": "Rajasthani Food in Jaipur",
  "seo_desc": "Jaipur food diaries covers the most famous food of Jaipur, the popular Rajasthani dishes that must be eaten while in the pink city.",
  "seo_keywords": "famous food of jaipur, Jaipur famous food, what to eat in Jaipur, rajasthani food in jaipur, pyaz kachori jaipur"
 },
 {
  "ID": "17208",
  "isOutlet": true,
  "post_title": "Ishwar sweets, NH 22",
  "location": "",
  "best_for": "Malai kulfi",
  "tags": "Aloo Tikki,Channa,Jalebi,Kulfi,Pakora,Rasmalai,Samosa",
  "cuisine": "Chaat,Kulfi,North Indian Chaat,North Indian Snacks,North Indian Sweets,Snacks,Sweets / Desserts",
  "link": "ishwar-sweets-jabli-nh-22",
  "lat": "30.839786",
  "long": "76.97253699999999",
  "special_info": "Make sure to get a box of sweets packed for the journey.",
  "phone_number": "",
  "closed_on": "",
  "open_on": "All days",
  "seating": "Unavailable",
  "landmarks": "",
  "image_url": "//d3501repw3v4i0.cloudfront.net/wp-content/uploads/2016/06/Ishwar-Sweets-Malai-Kulfi-Jabli-NH-22-Kekade.jpg",
  "author": "Maheima Kapur",
  "also_serves": "Channa bhatura",
  "address": "NH22, Himachal Pradesh 173220, India",
  "seo_title": "Ishwar sweets, NH 22, Himachal Pradesh,",
  "seo_desc": "Ishwar Sweets is a small dhaba in NH 22 known for serving great North-Indian sweets like malai kulfi, ras malai and jalebi. It also serves North-Indian snacks.",
  "seo_keywords": "ishwar sweets shimla, ishwar sweets NH 22, sweets shimla, places to eat in NH 22, where to eat in NH 22, dhaba in NH 22"
 },
 {
  "ID": "16299",
  "isOutlet": true,
  "post_title": "Hide Out Café, Shimla",
  "location": "Shimla",
  "best_for": "Fried Rice \u0026 Manchurian, Veg. Pasta, Chicken Rolls                                                 ",
  "tags": "Fried Rice,Pasta,Sandwich",
  "cuisine": "Chinese,Continental Fast Food,Italian (Pizzas / Garlic Bread),Rolls / Kebabs",
  "link": "hide-out-cafe-shimla",
  "lat": "31.104438",
  "long": "77.173413",
  "special_info": "\u003cul\u003e\r\n \t\u003cli\u003eOffers free wi-fi\u003c/li\u003e\r\n \t\u003cli\u003eThe cafe opens early and its \u003cem\u003eBreakfast Platter\u003c/em\u003e makes for a good start to the day\u003c/li\u003e\r\n \t\u003cli\u003eChicken rolls and veg pasta are other popular dishes\u003c/li\u003e\r\n \t\u003cli\u003ePortion sizes are good so order accordingly\u003c/li\u003e\r\n\u003c/ul\u003e",
  "phone_number": "0177 265 3100",
  "closed_on": "",
  "open_on": "8 AM – 10:15 PM, All days",
  "seating": "Available",
  "landmarks": "",
  "image_url": "//d3501repw3v4i0.cloudfront.net/wp-content/uploads/2016/02/breakfast-platter-hidepout-cafe-shimla-ramanpahwa.jpg",
  "author": "Maheima Kapur",
  "also_serves": "Hakka Noodles, Vegetable Sandwich, Vegetable Rolls",
  "address": "Shop No.30, 1st floor, Mall Road, Shimla, Himachal Pradesh, 171001",
  "seo_title": "Hide Out Cafe, Mall Road, Shimla",
  "seo_desc": "Hide Out Cafe near Shimla's mall road is a popular restaurant serving continental food. It also offers an early breakfast platter, both vegetarian and non-vegetarian.",
  "seo_keywords": "hide out cafe, hide out cafe shimla, mall road simla, maal road shimla, simla, cafes in shimla, places to eat in shimla, where to eat in shimla, food in shimla, best restaurants in shimla"
 },
 {
  "ID": "21483",
  "isOutlet": true,
  "post_title": "Sharma Sweets, Kolkata",
  "location": "Sarat Bose Road",
  "best_for": "Samosa, Puri-bhaji",
  "tags": "North-Indian,North-Indian Snacks",
  "cuisine": "North Indian Snacks,North Indian Sweets,Snacks,Sweets / Desserts",
  "link": "sharma-sweets-kolkata",
  "lat": "22.531294",
  "long": "88.35560905",
  "special_info": "\u003cul\u003e\r\n \t\u003cli\u003eVery popular for breakfast. Its kachoris and samosas are famous\u003c/li\u003e\r\n \t\u003cli\u003eVeg only\u003c/li\u003e\r\n\u003c/ul\u003e",
  "phone_number": "NA",
  "closed_on": "",
  "open_on": "8 AM - 8 PM",
  "seating": "Unavailable",
  "landmarks": "",
  "image_url": "//d3501repw3v4i0.cloudfront.net/wp-content/uploads/2018/01/Sharma-Sweets-Puri-Bhaji-Kolkata-justdial-3.jpg",
  "author": "Maheima Kapur",
  "also_serves": "Jalebi",
  "address": "1, Lovelock St, Chakraberia, Ballygunge, Kolkata, West Bengal 700019, India",
  "seo_title": "Sharma Sweets, Kolkata",
  "seo_desc": "Sharma Sweets in Kolkata, is a famous local food joint. It is known for serving North-Indian snacks and savories, specially kachori-sabzi. It has various outlets.",
  "seo_keywords": "sharma sweets, sharma sweets kolkata, sharmas kolkata, best places to eat in kolkata, places to eat in kolkata, best kachori sabzi in kolkata, breakfast places in kolkata, best breakfast places in kolkata, where to eat best in kolkata"
 },
 {
  "ID": "11121",
  "isOutlet": true,
  "post_title": "Roll Khazana",
  "location": "Vijayanagar",
  "best_for": "Rolls, Gobi Manchurian, Schezwan Fried Rice, Steamed Momos",
  "tags": "Fried Rice,Momos,Munchurian,Noodles,Rolls",
  "cuisine": "Chinese,Momos,Rolls / Kebabs",
  "link": "roll-khazana-vijaya-nagar",
  "lat": "12.973550316312",
  "long": "77.53824361475",
  "special_info": "\u003cul\u003e\r\n\t\u003cli\u003eRoll Khazana is a pure vegetarian roll/chinese outlet.\u003c/li\u003e\r\n\t\u003cli\u003eA part of the Vijayanagar street food trail.\u003c/li\u003e\r\n\u003c/ul\u003e",
  "phone_number": "",
  "closed_on": "",
  "open_on": "2:00 PM to 10:00 PM ",
  "seating": "Unavailable",
  "landmarks": "The Vijayanagar food street is located behind the Vijayanagar water tank. While heading from Vijayanagar bus stop to the Vijayanagar water tank (both are about 500m apart), Roll Khazana is located to the left of the road on the food street, about four shops after the Ganapathi Temple - next to Sawariya ice cream. ",
  "image_url": "//d3501repw3v4i0.cloudfront.net/wp-content/uploads/2015/06/Roll-Khazana-Veg-Momos-Vijayanagar-Bangalore.jpg",
  "author": "Bramhi Panamalai",
  "also_serves": "",
  "address": "18th Cross Road, Govindaraja Nagar Ward, CHBS Layout, Stage 2, Vijayanagar, Bengaluru, Karnataka 560040, India",
  "seo_title": "Roll Khazana, Vijayanagar, Bangalore",
  "seo_desc": "Roll Khazana in the Vijaya Nagar food street serves rolls, and is also well known for fresh and delicious chinese food.",
  "seo_keywords": "Best rolls in Vijayanagar, Street food in Vijayanagar, Chinese food in Vijayanagar"
 },
 {
  "ID": "19209",
  "isOutlet": true,
  "post_title": "Cafe Upper Crust, Ahmedabad",
  "location": "Ahmedabad",
  "best_for": "Brownie, Caramel Custard, Vegetable Frankie, Butter Chicken, Chicken Sizzler, Manchow Soup..",
  "tags": "Cafe,Continental",
  "cuisine": "Bakery goods,Beverages,Continental,Desserts,Ice Creams,Italian (Pizzas / Garlic Bread),North Indian Sweets,Sandwiches,Snacks,Soups,Special Cuisine - International,Sweets / Desserts,Tea / Coffee",
  "link": "cafe-upper-crust-ahmedabad",
  "lat": "23.0413745",
  "long": "72.5485303",
  "special_info": "",
  "phone_number": "098252 32895",
  "closed_on": "",
  "open_on": "10 AM - 11 PM",
  "seating": "Available",
  "landmarks": "",
  "image_url": "//d3501repw3v4i0.cloudfront.net/wp-content/uploads/2017/04/Cafe-Upper-Crust-Sizzler-Navrangpura-Ahmedabad-Cityshor.jpg",
  "author": "Ananya Iyer",
  "also_serves": "Fresh Bread and Cakes, Fries, Pastries.",
  "address": "Ground \u0026amp;1st Floor, Aarohi Complex, Opp Maharaja Palace, Vijay Char Rasta,, Navrangpura, University Area, Ahmedabad, Gujarat 380009",
  "seo_title": "Cafe Upper Crust, Ahmedabad",
  "seo_desc": "Cafe Upper Crust is a sophisticated cafe serving Continental and Indian food.",
  "seo_keywords": "cafe upper crust, fresh baked goods, cafe, sizzler, ahmedabad, navrangpura, cafes in ahmedabad,  best sizzlers in ahmedabad, continental food in ahmedabad"
 },
 {
  "ID": "7448",
  "isOutlet": true,
  "post_title": "Mahalakshmi Tiffin Room",
  "location": "Gandhi Bazaar",
  "best_for": "Khali Dosa, Masala Dosa, Vada, Idly, Coffee",
  "tags": "Bhajjis and Bondas,Filter Coffee,Idli,Masala Dosa,Vada",
  "cuisine": "Bhajji / Pakoras,South Indian Tiffin,South-Indian Meals,Tea / Coffee",
  "link": "mahalakshmi-tiffin-room-gandhi-nagar",
  "lat": "12.946676347258",
  "long": "77.571508627647",
  "special_info": "\u003cul\u003e\r\n \t\u003cli\u003eKhali Dosa, a version of the dosa made with little to no oil is what they claim to be famous for.\u003c/li\u003e\r\n \t\u003cli\u003eThe vada, khara bhath and coffee are especially outstanding.\u003c/li\u003e\r\n\u003c/ul\u003e",
  "phone_number": "+91 8762687707, 080 2290 6305",
  "closed_on": "",
  "open_on": "8 AM to 10 PM",
  "seating": "Available",
  "landmarks": "Take a right on Gandhi Bazaar Main road onto DVG Road. Mahalakshmi Tiffin Room is on the left, 50 m ahead.",
  "image_url": "//d3501repw3v4i0.cloudfront.net/wp-content/uploads/2015/03/Mahalakshmi-Tiffin-Room-Bhajjis-Gandhi-Bazaar-Bangalore.jpg",
  "author": "Maheima Kapur",
  "also_serves": "Khara Bhath",
  "address": "DV Gundappa Road, Gandhi Bazaar, Basavanagudi, Bengaluru, Karnataka 560004, India",
  "seo_title": "Mahalaxmi Tiffin Room,Gandhi Nagar,Bangalore",
  "seo_desc": "Mahalaxmi Tiffin Room in Gandhi Bazaar is an iconic restaurant estd. in 1926. Serves Khali Dosa - dosa with no oil, and South-Indian tiffin items.",
  "seo_keywords": "MLTR Bangalore,  restaurants in  Gandhi Bazaar, best South Indian  in Bangalore, South Indian Tiffin in Bangalore, khali dosa MLTR basvanagudi"
 },
 {
  "ID": "19340",
  "isOutlet": true,
  "post_title": "Panchi Petha, Agra",
  "location": "Agra",
  "best_for": "Petha",
  "tags": "indian sweets,Petha",
  "cuisine": "North Indian Sweets,Sweets / Desserts",
  "link": "panchi-petha-agra",
  "lat": "27.159291",
  "long": "78.01035",
  "special_info": "Panchi Petha serves over 25 varieties of Petha",
  "phone_number": "098970 63434",
  "closed_on": "All days",
  "open_on": "10 AM-10:30 PM ",
  "seating": "Available",
  "landmarks": "",
  "image_url": "//d3501repw3v4i0.cloudfront.net/wp-content/uploads/2017/05/Panchi-Petha-Petha-Saudagar-Lines-Agra-Tourmet.jpg",
  "author": "Ananya Iyer",
  "also_serves": "",
  "address": "Main Market, Sadar Bazaar, Saudagar Lines, Agra, Uttar Pradesh 282001",
  "seo_title": "Panchi Petha, Agra",
  "seo_desc": "Try over 25 varieties of the famous Agra Petha at Panchi Petha. ",
  "seo_keywords": "petha, panchi petha, agra, agra cantt, saudagar lines, best petha in agra"
 }]